{
    "version": 2,
    "configurePresets": [
        {
            "name": "Bat_llama",
            "displayName": "Visual Studio Community 2022 Release - amd64_x86",
            "description": "Using compilers for Visual Studio 17 2022 (x64_x86 architecture)",
            "generator": "Visual Studio 17 2022",
            "toolset": "host=x64",
            "architecture": "win32",
            "binaryDir": "${sourceDir}/out/build/${presetName}",
            "cacheVariables": {
                "CMAKE_INSTALL_PREFIX": "${sourceDir}/out/install/${presetName}",
                "CMAKE_C_COMPILER": "cl.exe",
                "CMAKE_CXX_COMPILER": "cl.exe"
            }
        }
    ],
    "buildPresets": [
        {
            "name": "Bat_llama-debug",
            "displayName": "Visual Studio Community 2022 Release - amd64_x86 - Debug",
            "configurePreset": "Bat_llama",
            "configuration": "Debug"
        }
    ]
}